{
  "version": 1,
  "author": "Charith Dombawala",
  "editor": "wokwi",
  "parts": [
    { "type": "wokwi-breadboard", "id": "bb1", "top": 198.6, "left": 2.8, "attrs": {} },
    { "type": "wokwi-breadboard-half", "id": "bb2", "top": 198.6, "left": -333.2, "attrs": {} },
    { "type": "wokwi-esp32-devkit-v1", "id": "esp", "top": -77.87, "left": 256.48, "attrs": {} },
    { "type": "board-ssd1306", "id": "oled1", "top": 262.34, "left": 528.23, "attrs": {} },
    {
      "type": "wokwi-buzzer",
      "id": "bz1",
      "top": 194.4,
      "left": 414.6,
      "attrs": { "volume": "0.1" }
    },
    {
      "type": "wokwi-led",
      "id": "led1",
      "top": 226.8,
      "left": 291.8,
      "attrs": { "color": "red" }
    },
    {
      "type": "wokwi-resistor",
      "id": "r1",
      "top": 282.35,
      "left": 451.2,
      "attrs": { "value": "100" }
    },
    {
      "type": "wokwi-resistor",
      "id": "r2",
      "top": 282.35,
      "left": 316.8,
      "attrs": { "value": "220" }
    },
    {
      "type": "wokwi-pushbutton",
      "id": "btn1",
      "top": 281.4,
      "left": 179.4,
      "rotate": 90,
      "attrs": { "color": "red", "label": "cancel" }
    },
    {
      "type": "wokwi-resistor",
      "id": "r3",
      "top": 349.17,
      "left": 153.23,
      "attrs": { "value": "1000" }
    },
    {
      "type": "wokwi-pushbutton",
      "id": "btn2",
      "top": 281.4,
      "left": -79.8,
      "rotate": 90,
      "attrs": { "color": "green", "label": "OK/MENU" }
    },
    {
      "type": "wokwi-pushbutton",
      "id": "btn3",
      "top": 281.4,
      "left": -175.8,
      "rotate": 90,
      "attrs": { "color": "blue", "label": "DOWN" }
    },
    {
      "type": "wokwi-pushbutton",
      "id": "btn4",
      "top": 281.4,
      "left": -281.4,
      "rotate": 90,
      "attrs": { "color": "black", "label": "UP" }
    },
    {
      "type": "wokwi-resistor",
      "id": "r4",
      "top": 349.55,
      "left": -105.6,
      "attrs": { "value": "1000" }
    },
    {
      "type": "wokwi-resistor",
      "id": "r5",
      "top": 349.55,
      "left": -201.6,
      "attrs": { "value": "1000" }
    },
    {
      "type": "wokwi-resistor",
      "id": "r6",
      "top": 349.55,
      "left": -307.2,
      "attrs": { "value": "1000" }
    },
    { "type": "wokwi-dht22", "id": "dht1", "top": 8.73, "left": 56.63, "attrs": {} }
  ],
  "connections": [
    [ "esp:TX0", "$serialMonitor:RX", "", [] ],
    [ "esp:RX0", "$serialMonitor:TX", "", [] ],
    [ "esp:D22", "oled1:SCL", "limegreen", [ "h0" ] ],
    [ "esp:D21", "oled1:SDA", "blue", [ "h0" ] ],
    [ "bb1:tp.50", "bb1:bp.50", "red", [ "v-0.9", "h39.82", "v169.7" ] ],
    [ "bb1:tn.50", "bb1:bn.50", "black", [ "v0.51", "h45.9", "v168.94" ] ],
    [ "r2:2", "esp:D15", "gold", [ "v0" ] ],
    [ "bb1:30t.e", "bb1:tn.21", "black", [ "v5.18", "h-28.49" ] ],
    [ "bb1:22t.c", "bb1:tn.17", "black", [ "v0" ] ],
    [ "esp:D34", "bb1:20t.c", "green", [ "h0" ] ],
    [ "bb1:14b.i", "bb1:bp.9", "red", [ "v-4.17", "h-24.37" ] ],
    [ "bb1:44t.e", "bb1:39t.e", "black", [ "v0" ] ],
    [ "bb1:39t.a", "bb1:tn.31", "black", [ "v0" ] ],
    [ "bb1:51t.a", "esp:D5", "blue", [ "v0" ] ],
    [ "bb2:tp.25", "bb1:tp.1", "red", [ "v0" ] ],
    [ "bb1:tn.1", "bb2:tn.25", "black", [ "v0" ] ],
    [ "bb1:bp.1", "bb2:bp.25", "red", [ "v0" ] ],
    [ "bb2:bn.25", "bb1:bn.1", "black", [ "v0" ] ],
    [ "bb2:30t.b", "bb2:tn.24", "black", [ "v-22.59", "h-8.83", "v-15.71" ] ],
    [ "bb2:20t.c", "bb2:tn.16", "black", [ "v0" ] ],
    [ "bb2:9t.c", "bb2:tn.7", "black", [ "v0" ] ],
    [ "bb2:22b.i", "bb2:bp.18", "red", [ "v0" ] ],
    [ "bb2:12b.i", "bb2:bp.10", "red", [ "v0" ] ],
    [ "bb2:1b.i", "bb2:bp.1", "red", [ "v0" ] ],
    [ "bb2:18t.b", "esp:D32", "green", [ "v0" ] ],
    [ "bb2:28t.b", "esp:D35", "green", [ "v0" ] ],
    [ "esp:D33", "bb2:7t.a", "green", [ "h0" ] ],
    [ "oled1:GND", "bb1:57t.c", "", [ "$bb" ] ],
    [ "oled1:VCC", "bb1:58t.c", "", [ "$bb" ] ],
    [ "oled1:SCL", "bb1:59t.c", "", [ "$bb" ] ],
    [ "oled1:SDA", "bb1:60t.c", "", [ "$bb" ] ],
    [ "bz1:1", "bb1:44t.d", "", [ "$bb" ] ],
    [ "bz1:2", "bb1:45t.d", "", [ "$bb" ] ],
    [ "led1:A", "bb1:31t.c", "", [ "$bb" ] ],
    [ "led1:C", "bb1:30t.c", "", [ "$bb" ] ],
    [ "r1:1", "bb1:45t.e", "", [ "$bb" ] ],
    [ "r1:2", "bb1:51t.e", "", [ "$bb" ] ],
    [ "r2:1", "bb1:31t.e", "", [ "$bb" ] ],
    [ "r2:2", "bb1:37t.e", "", [ "$bb" ] ],
    [ "r3:1", "bb1:14b.j", "", [ "$bb" ] ],
    [ "r3:2", "bb1:20b.j", "", [ "$bb" ] ],
    [ "btn1:1.l", "bb1:22t.d", "", [ "$bb" ] ],
    [ "btn1:2.l", "bb1:20t.d", "", [ "$bb" ] ],
    [ "btn1:1.r", "bb1:22b.i", "", [ "$bb" ] ],
    [ "btn1:2.r", "bb1:20b.i", "", [ "$bb" ] ],
    [ "esp:3V3", "bb1:tp.43", "red", [ "v26.89", "h171.02" ] ],
    [ "esp:GND.1", "bb1:tn.44", "black", [ "h0" ] ],
    [ "bb1:tn.46", "oled1:GND", "black", [ "v0" ] ],
    [ "oled1:VCC", "bb1:tp.47", "red", [ "v0" ] ],
    [ "r4:1", "bb2:22b.j", "", [ "$bb" ] ],
    [ "r4:2", "bb2:28b.j", "", [ "$bb" ] ],
    [ "r5:1", "bb2:12b.j", "", [ "$bb" ] ],
    [ "r5:2", "bb2:18b.j", "", [ "$bb" ] ],
    [ "r6:1", "bb2:1b.j", "", [ "$bb" ] ],
    [ "r6:2", "bb2:7b.j", "", [ "$bb" ] ],
    [ "btn3:1.l", "bb2:20t.d", "", [ "$bb" ] ],
    [ "btn3:2.l", "bb2:18t.d", "", [ "$bb" ] ],
    [ "btn3:1.r", "bb2:20b.i", "", [ "$bb" ] ],
    [ "btn3:2.r", "bb2:18b.i", "", [ "$bb" ] ],
    [ "btn2:1.l", "bb2:30t.d", "", [ "$bb" ] ],
    [ "btn2:2.l", "bb2:28t.d", "", [ "$bb" ] ],
    [ "btn2:1.r", "bb2:30b.i", "", [ "$bb" ] ],
    [ "btn2:2.r", "bb2:28b.i", "", [ "$bb" ] ],
    [ "btn4:1.l", "bb2:9t.d", "", [ "$bb" ] ],
    [ "btn4:2.l", "bb2:7t.d", "", [ "$bb" ] ],
    [ "btn4:1.r", "bb2:9b.i", "", [ "$bb" ] ],
    [ "btn4:2.r", "bb2:7b.i", "", [ "$bb" ] ],
    [ "dht1:VCC", "bb1:tp.3", "red", [ "v0" ] ],
    [ "dht1:GND", "bb1:tn.6", "black", [ "v0" ] ],
    [ "esp:D12", "dht1:SDA", "green", [ "v106.53", "h-180.35" ] ]
  ],
  "dependencies": {}
}